Entity,Code,Day,Cumulative excess deaths (central estimate),Total confirmed deaths due to COVID-19,"Cumulative excess deaths (95% CI, upper bound)","Cumulative excess deaths (95% CI, lower bound)"
Philippines,PHL,2020-01-01,0.0,,0.0,0.0
Philippines,PHL,2020-01-04,,0.0,,
Philippines,PHL,2020-01-05,,0.0,,
Philippines,PHL,2020-01-06,0.0,0.0,0.0,0.0
Philippines,PHL,2020-01-07,,0.0,,
Philippines,PHL,2020-01-08,,0.0,,
Philippines,PHL,2020-01-09,,0.0,,
Philippines,PHL,2020-01-10,,0.0,,
Philippines,PHL,2020-01-11,,0.0,,
Philippines,PHL,2020-01-12,,0.0,,
Philippines,PHL,2020-01-13,0.0,0.0,0.0,0.0
Philippines,PHL,2020-01-14,,0.0,,
Philippines,PHL,2020-01-15,,0.0,,
Philippines,PHL,2020-01-16,,0.0,,
Philippines,PHL,2020-01-17,,0.0,,
Philippines,PHL,2020-01-18,,0.0,,
Philippines,PHL,2020-01-19,,0.0,,
Philippines,PHL,2020-01-20,0.0,0.0,0.0,0.0
Philippines,PHL,2020-01-21,,0.0,,
Philippines,PHL,2020-01-22,,0.0,,
Philippines,PHL,2020-01-23,,0.0,,
Philippines,PHL,2020-01-24,,0.0,,
Philippines,PHL,2020-01-25,,0.0,,
Philippines,PHL,2020-01-26,,0.0,,
Philippines,PHL,2020-01-27,-280.923,0.0,-280.923,-280.923
Philippines,PHL,2020-01-28,,0.0,,
Philippines,PHL,2020-01-29,,0.0,,
Philippines,PHL,2020-01-30,,0.0,,
Philippines,PHL,2020-01-31,,0.0,,
Philippines,PHL,2020-02-01,,0.0,,
Philippines,PHL,2020-02-02,,1.0,,
Philippines,PHL,2020-02-03,-947.0659,1.0,-947.0659,-947.0659
Philippines,PHL,2020-02-04,,1.0,,
Philippines,PHL,2020-02-05,,1.0,,
Philippines,PHL,2020-02-06,,1.0,,
Philippines,PHL,2020-02-07,,1.0,,
Philippines,PHL,2020-02-08,,1.0,,
Philippines,PHL,2020-02-09,,1.0,,
Philippines,PHL,2020-02-10,-1613.2089,1.0,-1613.2089,-1613.2089
Philippines,PHL,2020-02-11,,1.0,,
Philippines,PHL,2020-02-12,,1.0,,
Philippines,PHL,2020-02-13,,1.0,,
Philippines,PHL,2020-02-14,,1.0,,
Philippines,PHL,2020-02-15,,1.0,,
Philippines,PHL,2020-02-16,,1.0,,
Philippines,PHL,2020-02-17,-2279.3518,1.0,-2279.3518,-2279.3518
Philippines,PHL,2020-02-18,,1.0,,
Philippines,PHL,2020-02-19,,1.0,,
Philippines,PHL,2020-02-20,,1.0,,
Philippines,PHL,2020-02-21,,1.0,,
Philippines,PHL,2020-02-22,,1.0,,
Philippines,PHL,2020-02-23,,1.0,,
Philippines,PHL,2020-02-24,-2945.4946,1.0,-2945.4946,-2945.4946
Philippines,PHL,2020-02-25,,1.0,,
Philippines,PHL,2020-02-26,,1.0,,
Philippines,PHL,2020-02-27,,1.0,,
Philippines,PHL,2020-02-28,,1.0,,
Philippines,PHL,2020-02-29,,1.0,,
Philippines,PHL,2020-03-01,,1.0,,
Philippines,PHL,2020-03-02,-4054.8152,1.0,-4054.8152,-4054.8152
Philippines,PHL,2020-03-03,,1.0,,
Philippines,PHL,2020-03-04,,1.0,,
Philippines,PHL,2020-03-05,,1.0,,
Philippines,PHL,2020-03-06,,1.0,,
Philippines,PHL,2020-03-07,,1.0,,
Philippines,PHL,2020-03-08,,1.0,,
Philippines,PHL,2020-03-09,-5164.1357,1.0,-5164.1357,-5164.1357
Philippines,PHL,2020-03-10,,1.0,,
Philippines,PHL,2020-03-11,,1.0,,
Philippines,PHL,2020-03-12,,2.0,,
Philippines,PHL,2020-03-13,,5.0,,
Philippines,PHL,2020-03-14,,8.0,,
Philippines,PHL,2020-03-15,,11.0,,
Philippines,PHL,2020-03-16,-6273.456,12.0,-6273.456,-6273.456
Philippines,PHL,2020-03-17,,12.0,,
Philippines,PHL,2020-03-18,,17.0,,
Philippines,PHL,2020-03-19,,17.0,,
Philippines,PHL,2020-03-20,,18.0,,
Philippines,PHL,2020-03-21,,19.0,,
Philippines,PHL,2020-03-22,,25.0,,
Philippines,PHL,2020-03-23,-7382.777,25.0,-7382.777,-7382.777
Philippines,PHL,2020-03-24,,33.0,,
Philippines,PHL,2020-03-25,,35.0,,
Philippines,PHL,2020-03-26,,38.0,,
Philippines,PHL,2020-03-27,,45.0,,
Philippines,PHL,2020-03-28,,54.0,,
Philippines,PHL,2020-03-29,,68.0,,
Philippines,PHL,2020-03-30,-8492.098,71.0,-8492.098,-8492.098
Philippines,PHL,2020-03-31,,88.0,,
Philippines,PHL,2020-04-01,,88.0,,
Philippines,PHL,2020-04-02,,96.0,,
Philippines,PHL,2020-04-03,,107.0,,
Philippines,PHL,2020-04-04,,136.0,,
Philippines,PHL,2020-04-05,,144.0,,
Philippines,PHL,2020-04-06,-9750.047,152.0,-9750.047,-9750.047
Philippines,PHL,2020-04-07,,163.0,,
Philippines,PHL,2020-04-08,,177.0,,
Philippines,PHL,2020-04-09,,182.0,,
Philippines,PHL,2020-04-10,,203.0,,
Philippines,PHL,2020-04-11,,221.0,,
Philippines,PHL,2020-04-12,,247.0,,
Philippines,PHL,2020-04-13,-11007.996,297.0,-11007.996,-11007.996
Philippines,PHL,2020-04-14,,315.0,,
Philippines,PHL,2020-04-15,,335.0,,
Philippines,PHL,2020-04-16,,349.0,,
Philippines,PHL,2020-04-17,,362.0,,
Philippines,PHL,2020-04-18,,387.0,,
Philippines,PHL,2020-04-19,,397.0,,
Philippines,PHL,2020-04-20,-12265.945,409.0,-12265.945,-12265.945
Philippines,PHL,2020-04-21,,428.0,,
Philippines,PHL,2020-04-22,,437.0,,
Philippines,PHL,2020-04-23,,446.0,,
Philippines,PHL,2020-04-24,,462.0,,
Philippines,PHL,2020-04-25,,477.0,,
Philippines,PHL,2020-04-26,,494.0,,
Philippines,PHL,2020-04-27,-13523.895,501.0,-13523.895,-13523.895
Philippines,PHL,2020-04-28,,511.0,,
Philippines,PHL,2020-04-29,,530.0,,
Philippines,PHL,2020-04-30,,558.0,,
Philippines,PHL,2020-05-01,,568.0,,
Philippines,PHL,2020-05-02,,579.0,,
Philippines,PHL,2020-05-03,,603.0,,
Philippines,PHL,2020-05-04,-13941.39,607.0,-13941.39,-13941.39
Philippines,PHL,2020-05-05,,623.0,,
Philippines,PHL,2020-05-06,,637.0,,
Philippines,PHL,2020-05-07,,658.0,,
Philippines,PHL,2020-05-08,,685.0,,
Philippines,PHL,2020-05-09,,696.0,,
Philippines,PHL,2020-05-10,,704.0,,
Philippines,PHL,2020-05-11,-14358.884,719.0,-14358.884,-14358.884
Philippines,PHL,2020-05-12,,726.0,,
Philippines,PHL,2020-05-13,,751.0,,
Philippines,PHL,2020-05-14,,772.0,,
Philippines,PHL,2020-05-15,,790.0,,
Philippines,PHL,2020-05-16,,806.0,,
Philippines,PHL,2020-05-17,,817.0,,
Philippines,PHL,2020-05-18,-14776.379,824.0,-14776.379,-14776.379
Philippines,PHL,2020-05-19,,831.0,,
Philippines,PHL,2020-05-20,,837.0,,
Philippines,PHL,2020-05-21,,842.0,,
Philippines,PHL,2020-05-22,,846.0,,
Philippines,PHL,2020-05-23,,857.0,,
Philippines,PHL,2020-05-24,,863.0,,
Philippines,PHL,2020-05-25,-15193.873,868.0,-15193.873,-15193.873
Philippines,PHL,2020-05-26,,873.0,,
Philippines,PHL,2020-05-27,,886.0,,
Philippines,PHL,2020-05-28,,904.0,,
Philippines,PHL,2020-05-29,,921.0,,
Philippines,PHL,2020-05-30,,942.0,,
Philippines,PHL,2020-05-31,,950.0,,
Philippines,PHL,2020-06-01,-15316.003,957.0,-15316.003,-15316.003
Philippines,PHL,2020-06-02,,960.0,,
Philippines,PHL,2020-06-03,,966.0,,
Philippines,PHL,2020-06-04,,974.0,,
Philippines,PHL,2020-06-05,,984.0,,
Philippines,PHL,2020-06-06,,987.0,,
Philippines,PHL,2020-06-07,,994.0,,
Philippines,PHL,2020-06-08,-15438.132,1003.0,-15438.132,-15438.132
Philippines,PHL,2020-06-09,,1011.0,,
Philippines,PHL,2020-06-10,,1017.0,,
Philippines,PHL,2020-06-11,,1027.0,,
Philippines,PHL,2020-06-12,,1036.0,,
Philippines,PHL,2020-06-13,,1052.0,,
Philippines,PHL,2020-06-14,,1075.0,,
Philippines,PHL,2020-06-15,-15560.262,1088.0,-15560.262,-15560.262
Philippines,PHL,2020-06-16,,1098.0,,
Philippines,PHL,2020-06-17,,1103.0,,
Philippines,PHL,2020-06-18,,1108.0,,
Philippines,PHL,2020-06-19,,1116.0,,
Philippines,PHL,2020-06-20,,1130.0,,
Philippines,PHL,2020-06-21,,1150.0,,
Philippines,PHL,2020-06-22,-15682.391,1169.0,-15682.391,-15682.391
Philippines,PHL,2020-06-23,,1177.0,,
Philippines,PHL,2020-06-24,,1186.0,,
Philippines,PHL,2020-06-25,,1204.0,,
Philippines,PHL,2020-06-26,,1212.0,,
Philippines,PHL,2020-06-27,,1224.0,,
Philippines,PHL,2020-06-28,,1236.0,,
Philippines,PHL,2020-06-29,-15804.5205,1244.0,-15804.5205,-15804.5205
Philippines,PHL,2020-06-30,,1255.0,,
Philippines,PHL,2020-07-01,,1266.0,,
Philippines,PHL,2020-07-02,,1270.0,,
Philippines,PHL,2020-07-03,,1274.0,,
Philippines,PHL,2020-07-04,,1280.0,,
Philippines,PHL,2020-07-05,,1290.0,,
Philippines,PHL,2020-07-06,-15227.563,1297.0,-15227.563,-15227.563
Philippines,PHL,2020-07-07,,1303.0,,
Philippines,PHL,2020-07-08,,1309.0,,
Philippines,PHL,2020-07-09,,1314.0,,
Philippines,PHL,2020-07-10,,1318.0,,
Philippines,PHL,2020-07-11,,1360.0,,
Philippines,PHL,2020-07-12,,1372.0,,
Philippines,PHL,2020-07-13,-14650.606,1534.0,-14650.606,-14650.606
Philippines,PHL,2020-07-14,,1599.0,,
Philippines,PHL,2020-07-15,,1603.0,,
Philippines,PHL,2020-07-16,,1614.0,,
Philippines,PHL,2020-07-17,,1643.0,,
Philippines,PHL,2020-07-18,,1660.0,,
Philippines,PHL,2020-07-19,,1773.0,,
Philippines,PHL,2020-07-20,-14073.649,1831.0,-14073.649,-14073.649
Philippines,PHL,2020-07-21,,1835.0,,
Philippines,PHL,2020-07-22,,1837.0,,
Philippines,PHL,2020-07-23,,1843.0,,
Philippines,PHL,2020-07-24,,1871.0,,
Philippines,PHL,2020-07-25,,1879.0,,
Philippines,PHL,2020-07-26,,1897.0,,
Philippines,PHL,2020-07-27,-13496.692,1932.0,-13496.692,-13496.692
Philippines,PHL,2020-07-28,,1945.0,,
Philippines,PHL,2020-07-29,,1947.0,,
Philippines,PHL,2020-07-30,,1962.0,,
Philippines,PHL,2020-07-31,,1983.0,,
Philippines,PHL,2020-08-01,,2023.0,,
Philippines,PHL,2020-08-02,,2039.0,,
Philippines,PHL,2020-08-03,-12759.594,2059.0,-12759.594,-12759.594
Philippines,PHL,2020-08-04,,2104.0,,
Philippines,PHL,2020-08-05,,2115.0,,
Philippines,PHL,2020-08-06,,2123.0,,
Philippines,PHL,2020-08-07,,2150.0,,
Philippines,PHL,2020-08-08,,2168.0,,
Philippines,PHL,2020-08-09,,2209.0,,
Philippines,PHL,2020-08-10,-12022.495,2270.0,-12022.495,-12022.495
Philippines,PHL,2020-08-11,,2293.0,,
Philippines,PHL,2020-08-12,,2312.0,,
Philippines,PHL,2020-08-13,,2404.0,,
Philippines,PHL,2020-08-14,,2426.0,,
Philippines,PHL,2020-08-15,,2442.0,,
Philippines,PHL,2020-08-16,,2600.0,,
Philippines,PHL,2020-08-17,-11285.3955,2665.0,-11285.3955,-11285.3955
Philippines,PHL,2020-08-18,,2681.0,,
Philippines,PHL,2020-08-19,,2687.0,,
Philippines,PHL,2020-08-20,,2795.0,,
Philippines,PHL,2020-08-21,,2883.0,,
Philippines,PHL,2020-08-22,,2940.0,,
Philippines,PHL,2020-08-23,,2966.0,,
Philippines,PHL,2020-08-24,-10548.297,2998.0,-10548.297,-10548.297
Philippines,PHL,2020-08-25,,3010.0,,
Philippines,PHL,2020-08-26,,3038.0,,
Philippines,PHL,2020-08-27,,3137.0,,
Philippines,PHL,2020-08-28,,3234.0,,
Philippines,PHL,2020-08-29,,3325.0,,
Philippines,PHL,2020-08-30,,3419.0,,
Philippines,PHL,2020-08-31,-9811.198,3520.0,-9811.198,-9811.198
Philippines,PHL,2020-09-01,,3558.0,,
Philippines,PHL,2020-09-02,,3597.0,,
Philippines,PHL,2020-09-03,,3623.0,,
Philippines,PHL,2020-09-04,,3688.0,,
Philippines,PHL,2020-09-05,,3737.0,,
Philippines,PHL,2020-09-06,,3790.0,,
Philippines,PHL,2020-09-07,-9418.874,3875.0,-9418.874,-9418.874
Philippines,PHL,2020-09-08,,3890.0,,
Philippines,PHL,2020-09-09,,3916.0,,
Philippines,PHL,2020-09-10,,3986.0,,
Philippines,PHL,2020-09-11,,4066.0,,
Philippines,PHL,2020-09-12,,4108.0,,
Philippines,PHL,2020-09-13,,4292.0,,
Philippines,PHL,2020-09-14,-9026.55,4371.0,-9026.55,-9026.55
Philippines,PHL,2020-09-15,,4630.0,,
Philippines,PHL,2020-09-16,,4663.0,,
Philippines,PHL,2020-09-17,,4732.0,,
Philippines,PHL,2020-09-18,,4785.0,,
Philippines,PHL,2020-09-19,,4830.0,,
Philippines,PHL,2020-09-20,,4930.0,,
Philippines,PHL,2020-09-21,-8634.227,4984.0,-8634.227,-8634.227
Philippines,PHL,2020-09-22,,4999.0,,
Philippines,PHL,2020-09-23,,5049.0,,
Philippines,PHL,2020-09-24,,5091.0,,
Philippines,PHL,2020-09-25,,5127.0,,
Philippines,PHL,2020-09-26,,5196.0,,
Philippines,PHL,2020-09-27,,5284.0,,
Philippines,PHL,2020-09-28,-8241.902,5344.0,-8241.902,-8241.902
Philippines,PHL,2020-09-29,,5381.0,,
Philippines,PHL,2020-09-30,,5448.0,,
Philippines,PHL,2020-10-01,,5504.0,,
Philippines,PHL,2020-10-02,,5562.0,,
Philippines,PHL,2020-10-03,,5616.0,,
Philippines,PHL,2020-10-04,,5678.0,,
Philippines,PHL,2020-10-05,-8267.532,5776.0,-8267.532,-8267.532
Philippines,PHL,2020-10-06,,5840.0,,
Philippines,PHL,2020-10-07,,5865.0,,
Philippines,PHL,2020-10-08,,5925.0,,
Philippines,PHL,2020-10-09,,6069.0,,
Philippines,PHL,2020-10-10,,6152.0,,
Philippines,PHL,2020-10-11,,6238.0,,
Philippines,PHL,2020-10-12,-8293.162,6321.0,-8293.162,-8293.162
Philippines,PHL,2020-10-13,,6332.0,,
Philippines,PHL,2020-10-14,,6372.0,,
Philippines,PHL,2020-10-15,,6449.0,,
Philippines,PHL,2020-10-16,,6497.0,,
Philippines,PHL,2020-10-17,,6531.0,,
Philippines,PHL,2020-10-18,,6603.0,,
Philippines,PHL,2020-10-19,-8318.793,6652.0,-8318.793,-8318.793
Philippines,PHL,2020-10-20,,6675.0,,
Philippines,PHL,2020-10-21,,6690.0,,
Philippines,PHL,2020-10-22,,6747.0,,
Philippines,PHL,2020-10-23,,6783.0,,
Philippines,PHL,2020-10-24,,6915.0,,
Philippines,PHL,2020-10-25,,6934.0,,
Philippines,PHL,2020-10-26,-8344.423,6977.0,-8344.423,-8344.423
Philippines,PHL,2020-10-27,,7039.0,,
Philippines,PHL,2020-10-28,,7053.0,,
Philippines,PHL,2020-10-29,,7114.0,,
Philippines,PHL,2020-10-30,,7147.0,,
Philippines,PHL,2020-10-31,,7185.0,,
Philippines,PHL,2020-11-01,,7221.0,,
Philippines,PHL,2020-11-02,-8348.485,7238.0,-8348.485,-8348.485
Philippines,PHL,2020-11-03,,7269.0,,
Philippines,PHL,2020-11-04,,7318.0,,
Philippines,PHL,2020-11-05,,7367.0,,
Philippines,PHL,2020-11-06,,7409.0,,
Philippines,PHL,2020-11-07,,7461.0,,
Philippines,PHL,2020-11-08,,7485.0,,
Philippines,PHL,2020-11-09,-8352.548,7539.0,-8352.548,-8352.548
Philippines,PHL,2020-11-10,,7647.0,,
Philippines,PHL,2020-11-11,,7661.0,,
Philippines,PHL,2020-11-12,,7710.0,,
Philippines,PHL,2020-11-13,,7721.0,,
Philippines,PHL,2020-11-14,,7752.0,,
Philippines,PHL,2020-11-15,,7791.0,,
Philippines,PHL,2020-11-16,-8356.611,7832.0,-8356.611,-8356.611
Philippines,PHL,2020-11-17,,7839.0,,
Philippines,PHL,2020-11-18,,7862.0,,
Philippines,PHL,2020-11-19,,7957.0,,
Philippines,PHL,2020-11-20,,7998.0,,
Philippines,PHL,2020-11-21,,8025.0,,
Philippines,PHL,2020-11-22,,8080.0,,
Philippines,PHL,2020-11-23,-8360.674,8123.0,-8360.674,-8360.674
Philippines,PHL,2020-11-24,,8173.0,,
Philippines,PHL,2020-11-25,,8185.0,,
Philippines,PHL,2020-11-26,,8215.0,,
Philippines,PHL,2020-11-27,,8242.0,,
Philippines,PHL,2020-11-28,,8255.0,,
Philippines,PHL,2020-11-29,,8333.0,,
Philippines,PHL,2020-11-30,-8364.736,8373.0,-8364.736,-8364.736
Philippines,PHL,2020-12-01,,8392.0,,
Philippines,PHL,2020-12-02,,8418.0,,
Philippines,PHL,2020-12-03,,8436.0,,
Philippines,PHL,2020-12-04,,8446.0,,
Philippines,PHL,2020-12-05,,8509.0,,
Philippines,PHL,2020-12-06,,8526.0,,
Philippines,PHL,2020-12-07,-8202.631,8554.0,-8202.631,-8202.631
Philippines,PHL,2020-12-08,,8572.0,,
Philippines,PHL,2020-12-09,,8670.0,,
Philippines,PHL,2020-12-10,,8677.0,,
Philippines,PHL,2020-12-11,,8701.0,,
Philippines,PHL,2020-12-12,,8709.0,,
Philippines,PHL,2020-12-13,,8730.0,,
Philippines,PHL,2020-12-14,-8040.5254,8733.0,-8040.5254,-8040.5254
Philippines,PHL,2020-12-15,,8757.0,,
Philippines,PHL,2020-12-16,,8812.0,,
Philippines,PHL,2020-12-17,,8833.0,,
Philippines,PHL,2020-12-18,,8850.0,,
Philippines,PHL,2020-12-19,,8875.0,,
Philippines,PHL,2020-12-20,,8911.0,,
Philippines,PHL,2020-12-21,-7878.4204,8947.0,-7878.4204,-7878.4204
Philippines,PHL,2020-12-22,,8957.0,,
Philippines,PHL,2020-12-23,,9021.0,,
Philippines,PHL,2020-12-24,,9048.0,,
Philippines,PHL,2020-12-25,,9055.0,,
Philippines,PHL,2020-12-26,,9062.0,,
Philippines,PHL,2020-12-27,,9067.0,,
Philippines,PHL,2020-12-28,-7716.315,9109.0,-7716.315,-7716.315
Philippines,PHL,2020-12-29,,9124.0,,
Philippines,PHL,2020-12-30,,9162.0,,
Philippines,PHL,2020-12-31,,9230.0,,
Philippines,PHL,2021-01-01,,9244.0,,
Philippines,PHL,2021-01-02,,9248.0,,
Philippines,PHL,2021-01-03,,9253.0,,
Philippines,PHL,2021-01-04,-6756.6953,9257.0,-6756.6953,-6756.6953
Philippines,PHL,2021-01-05,,9263.0,,
Philippines,PHL,2021-01-06,,9321.0,,
Philippines,PHL,2021-01-07,,9347.0,,
Philippines,PHL,2021-01-08,,9356.0,,
Philippines,PHL,2021-01-09,,9364.0,,
Philippines,PHL,2021-01-10,,9398.0,,
Philippines,PHL,2021-01-11,-5797.0757,9405.0,-5797.0757,-5797.0757
Philippines,PHL,2021-01-12,,9416.0,,
Philippines,PHL,2021-01-13,,9554.0,,
Philippines,PHL,2021-01-14,,9699.0,,
Philippines,PHL,2021-01-15,,9739.0,,
Philippines,PHL,2021-01-16,,9876.0,,
Philippines,PHL,2021-01-17,,9884.0,,
Philippines,PHL,2021-01-18,-4837.456,9895.0,-4837.456,-4837.456
Philippines,PHL,2021-01-19,,9909.0,,
Philippines,PHL,2021-01-20,,9978.0,,
Philippines,PHL,2021-01-21,,10042.0,,
Philippines,PHL,2021-01-22,,10116.0,,
Philippines,PHL,2021-01-23,,10136.0,,
Philippines,PHL,2021-01-24,,10190.0,,
Philippines,PHL,2021-01-25,-3877.8364,10242.0,-3877.8364,-3877.8364
Philippines,PHL,2021-01-26,,10292.0,,
Philippines,PHL,2021-01-27,,10386.0,,
Philippines,PHL,2021-01-28,,10481.0,,
Philippines,PHL,2021-01-29,,10552.0,,
Philippines,PHL,2021-01-30,,10600.0,,
Philippines,PHL,2021-01-31,,10669.0,,
Philippines,PHL,2021-02-01,-2469.5896,10749.0,-2469.5896,-2469.5896
Philippines,PHL,2021-02-02,,10807.0,,
Philippines,PHL,2021-02-03,,10874.0,,
Philippines,PHL,2021-02-04,,10942.0,,
Philippines,PHL,2021-02-05,,10997.0,,
Philippines,PHL,2021-02-06,,11058.0,,
Philippines,PHL,2021-02-07,,11110.0,,
Philippines,PHL,2021-02-08,-1061.3425,11179.0,-1061.3425,-1061.3425
Philippines,PHL,2021-02-09,,11231.0,,
Philippines,PHL,2021-02-10,,11296.0,,
Philippines,PHL,2021-02-11,,11401.0,,
Philippines,PHL,2021-02-12,,11469.0,,
Philippines,PHL,2021-02-13,,11495.0,,
Philippines,PHL,2021-02-14,,11507.0,,
Philippines,PHL,2021-02-15,346.90457,11515.0,346.90457,346.90457
Philippines,PHL,2021-02-16,,11517.0,,
Philippines,PHL,2021-02-17,,11524.0,,
Philippines,PHL,2021-02-18,,11577.0,,
Philippines,PHL,2021-02-19,,11673.0,,
Philippines,PHL,2021-02-20,,11829.0,,
Philippines,PHL,2021-02-21,,12068.0,,
Philippines,PHL,2021-02-22,1755.1516,12088.0,1755.1516,1755.1516
Philippines,PHL,2021-02-23,,12094.0,,
Philippines,PHL,2021-02-24,,12107.0,,
Philippines,PHL,2021-02-25,,12129.0,,
Philippines,PHL,2021-02-26,,12201.0,,
Philippines,PHL,2021-02-27,,12247.0,,
Philippines,PHL,2021-02-28,,12289.0,,
Philippines,PHL,2021-03-01,4160.019,12318.0,4160.019,4160.019
Philippines,PHL,2021-03-02,,12322.0,,
Philippines,PHL,2021-03-03,,12369.0,,
Philippines,PHL,2021-03-04,,12389.0,,
Philippines,PHL,2021-03-05,,12404.0,,
Philippines,PHL,2021-03-06,,12423.0,,
Philippines,PHL,2021-03-07,,12465.0,,
Philippines,PHL,2021-03-08,6564.886,12516.0,6564.886,6564.886
Philippines,PHL,2021-03-09,,12521.0,,
Philippines,PHL,2021-03-10,,12528.0,,
Philippines,PHL,2021-03-11,,12545.0,,
Philippines,PHL,2021-03-12,,12608.0,,
Philippines,PHL,2021-03-13,,12694.0,,
Philippines,PHL,2021-03-14,,12766.0,,
Philippines,PHL,2021-03-15,8969.754,12829.0,8969.754,8969.754
Philippines,PHL,2021-03-16,,12837.0,,
Philippines,PHL,2021-03-17,,12848.0,,
Philippines,PHL,2021-03-18,,12866.0,,
Philippines,PHL,2021-03-19,,12887.0,,
Philippines,PHL,2021-03-20,,12900.0,,
Philippines,PHL,2021-03-21,,12930.0,,
Philippines,PHL,2021-03-22,11374.621,12968.0,11374.621,11374.621
Philippines,PHL,2021-03-23,,12972.0,,
Philippines,PHL,2021-03-24,,12992.0,,
Philippines,PHL,2021-03-25,,13039.0,,
Philippines,PHL,2021-03-26,,13095.0,,
Philippines,PHL,2021-03-27,,13149.0,,
Philippines,PHL,2021-03-28,,13159.0,,
Philippines,PHL,2021-03-29,13779.488,13170.0,13779.488,13779.488
Philippines,PHL,2021-03-30,,13186.0,,
Philippines,PHL,2021-03-31,,13191.0,,
Philippines,PHL,2021-04-01,,13297.0,,
Philippines,PHL,2021-04-02,,13303.0,,
Philippines,PHL,2021-04-03,,13320.0,,
Philippines,PHL,2021-04-04,,13423.0,,
Philippines,PHL,2021-04-05,18313.12,13425.0,18313.12,18313.12
Philippines,PHL,2021-04-06,,13435.0,,
Philippines,PHL,2021-04-07,,13817.0,,
Philippines,PHL,2021-04-08,,14059.0,,
Philippines,PHL,2021-04-09,,14119.0,,
Philippines,PHL,2021-04-10,,14520.0,,
Philippines,PHL,2021-04-11,,14744.0,,
Philippines,PHL,2021-04-12,22846.752,14945.0,22846.752,22846.752
Philippines,PHL,2021-04-13,,15149.0,,
Philippines,PHL,2021-04-14,,15286.0,,
Philippines,PHL,2021-04-15,,15447.0,,
Philippines,PHL,2021-04-16,,15594.0,,
Philippines,PHL,2021-04-17,,15738.0,,
Philippines,PHL,2021-04-18,,15810.0,,
Philippines,PHL,2021-04-19,27380.385,15960.0,27380.385,27380.385
Philippines,PHL,2021-04-20,,16048.0,,
Philippines,PHL,2021-04-21,,16141.0,,
Philippines,PHL,2021-04-22,,16265.0,,
Philippines,PHL,2021-04-23,,16370.0,,
Philippines,PHL,2021-04-24,,16529.0,,
Philippines,PHL,2021-04-25,,16674.0,,
Philippines,PHL,2021-04-26,31914.016,16783.0,31914.016,31914.016
Philippines,PHL,2021-04-27,,16853.0,,
Philippines,PHL,2021-04-28,,16916.0,,
Philippines,PHL,2021-04-29,,17145.0,,
Philippines,PHL,2021-04-30,,17234.0,,
Philippines,PHL,2021-05-01,,17354.0,,
Philippines,PHL,2021-05-02,,17431.0,,
Philippines,PHL,2021-05-03,36163.902,17525.0,36163.902,36163.902
Philippines,PHL,2021-05-04,,17622.0,,
Philippines,PHL,2021-05-05,,17800.0,,
Philippines,PHL,2021-05-06,,17991.0,,
Philippines,PHL,2021-05-07,,18099.0,,
Philippines,PHL,2021-05-08,,18269.0,,
Philippines,PHL,2021-05-09,,18472.0,,
Philippines,PHL,2021-05-10,40413.79,18562.0,40413.79,40413.79
Philippines,PHL,2021-05-11,,18620.0,,
Philippines,PHL,2021-05-12,,18714.0,,
Philippines,PHL,2021-05-13,,18821.0,,
Philippines,PHL,2021-05-14,,18958.0,,
Philippines,PHL,2021-05-15,,19051.0,,
Philippines,PHL,2021-05-16,,19191.0,,
Philippines,PHL,2021-05-17,44663.676,19262.0,44663.676,44663.676
Philippines,PHL,2021-05-18,,19372.0,,
Philippines,PHL,2021-05-19,,19507.0,,
Philippines,PHL,2021-05-20,,19641.0,,
Philippines,PHL,2021-05-21,,19763.0,,
Philippines,PHL,2021-05-22,,19946.0,,
Philippines,PHL,2021-05-23,,19951.0,,
Philippines,PHL,2021-05-24,48913.562,19983.0,48913.562,48913.562
Philippines,PHL,2021-05-25,,20019.0,,
Philippines,PHL,2021-05-26,,20169.0,,
Philippines,PHL,2021-05-27,,20379.0,,
Philippines,PHL,2021-05-28,,20566.0,,
Philippines,PHL,2021-05-29,,20722.0,,
Philippines,PHL,2021-05-30,,20860.0,,
Philippines,PHL,2021-05-31,53163.45,20966.0,53163.45,53163.45
Philippines,PHL,2021-06-01,,21012.0,,
Philippines,PHL,2021-06-02,,21158.0,,
Philippines,PHL,2021-06-03,,21357.0,,
Philippines,PHL,2021-06-04,,21537.0,,
Philippines,PHL,2021-06-05,,21732.0,,
Philippines,PHL,2021-06-06,,21898.0,,
Philippines,PHL,2021-06-07,57462.535,21969.0,57462.535,57462.535
Philippines,PHL,2021-06-08,,22064.0,,
Philippines,PHL,2021-06-09,,22190.0,,
Philippines,PHL,2021-06-10,,22312.0,,
Philippines,PHL,2021-06-11,,22507.0,,
Philippines,PHL,2021-06-12,,22652.0,,
Philippines,PHL,2021-06-13,,22788.0,,
Philippines,PHL,2021-06-14,61761.62,22845.0,61761.62,61761.62
Philippines,PHL,2021-06-15,,22963.0,,
Philippines,PHL,2021-06-16,,23121.0,,
Philippines,PHL,2021-06-17,,23276.0,,
Philippines,PHL,2021-06-18,,23385.0,,
Philippines,PHL,2021-06-19,,23538.0,,
Philippines,PHL,2021-06-20,,23621.0,,
Philippines,PHL,2021-06-21,66060.7,23749.0,66060.7,66060.7
Philippines,PHL,2021-06-22,,23809.0,,
Philippines,PHL,2021-06-23,,23928.0,,
Philippines,PHL,2021-06-24,,24036.0,,
Philippines,PHL,2021-06-25,,24152.0,,
Philippines,PHL,2021-06-26,,24244.0,,
Philippines,PHL,2021-06-27,,24372.0,,
Philippines,PHL,2021-06-28,70359.79,24456.0,70359.79,70359.79
Philippines,PHL,2021-06-29,,24557.0,,
Philippines,PHL,2021-06-30,,24662.0,,
Philippines,PHL,2021-07-01,,24797.0,,
Philippines,PHL,2021-07-02,,24973.0,,
Philippines,PHL,2021-07-03,,25063.0,,
Philippines,PHL,2021-07-04,,25149.0,,
Philippines,PHL,2021-07-05,75511.77,25192.0,75511.77,75511.77
Philippines,PHL,2021-07-06,,25296.0,,
Philippines,PHL,2021-07-07,,25459.0,,
Philippines,PHL,2021-07-08,,25650.0,,
Philippines,PHL,2021-07-09,,25720.0,,
Philippines,PHL,2021-07-10,,25816.0,,
Philippines,PHL,2021-07-11,,25915.0,,
Philippines,PHL,2021-07-12,80663.76,26015.0,80663.76,80663.76
Philippines,PHL,2021-07-13,,26092.0,,
Philippines,PHL,2021-07-14,,26232.0,,
Philippines,PHL,2021-07-15,,26314.0,,
Philippines,PHL,2021-07-16,,26476.0,,
Philippines,PHL,2021-07-17,,26598.0,,
Philippines,PHL,2021-07-18,,26714.0,,
Philippines,PHL,2021-07-19,85815.74,26786.0,85815.74,85815.74
Philippines,PHL,2021-07-20,,26844.0,,
Philippines,PHL,2021-07-21,,26874.0,,
Philippines,PHL,2021-07-22,,26891.0,,
Philippines,PHL,2021-07-23,,26891.0,,
Philippines,PHL,2021-07-24,,27131.0,,
Philippines,PHL,2021-07-25,,27224.0,,
Philippines,PHL,2021-07-26,90967.73,27247.0,90967.73,90967.73
Philippines,PHL,2021-07-27,,27318.0,,
Philippines,PHL,2021-07-28,,27401.0,,
Philippines,PHL,2021-07-29,,27577.0,,
Philippines,PHL,2021-07-30,,27722.0,,
Philippines,PHL,2021-07-31,,27889.0,,
Philippines,PHL,2021-08-01,,28016.0,,
Philippines,PHL,2021-08-02,100749.234,28093.0,100749.234,100749.234
Philippines,PHL,2021-08-03,,28141.0,,
Philippines,PHL,2021-08-04,,28231.0,,
Philippines,PHL,2021-08-05,,28427.0,,
Philippines,PHL,2021-08-06,,28673.0,,
Philippines,PHL,2021-08-07,,28835.0,,
Philippines,PHL,2021-08-08,,29122.0,,
Philippines,PHL,2021-08-09,110530.75,29128.0,110530.75,110530.75
Philippines,PHL,2021-08-10,,29220.0,,
Philippines,PHL,2021-08-11,,29374.0,,
Philippines,PHL,2021-08-12,,29539.0,,
Philippines,PHL,2021-08-13,,29838.0,,
Philippines,PHL,2021-08-14,,30070.0,,
Philippines,PHL,2021-08-15,,30340.0,,
Philippines,PHL,2021-08-16,120312.26,30366.0,120312.26,120312.26
Philippines,PHL,2021-08-17,,30462.0,,
Philippines,PHL,2021-08-18,,30623.0,,
Philippines,PHL,2021-08-19,,30881.0,,
Philippines,PHL,2021-08-20,,31198.0,,
Philippines,PHL,2021-08-21,,31596.0,,
Philippines,PHL,2021-08-22,,31810.0,,
Philippines,PHL,2021-08-23,130093.77,31961.0,130093.77,130093.77
Philippines,PHL,2021-08-24,,32264.0,,
Philippines,PHL,2021-08-25,,32492.0,,
Philippines,PHL,2021-08-26,,32728.0,,
Philippines,PHL,2021-08-27,,32841.0,,
Philippines,PHL,2021-08-28,,33008.0,,
Philippines,PHL,2021-08-29,,33109.0,,
Philippines,PHL,2021-08-30,139875.28,33330.0,139875.28,139875.28
Philippines,PHL,2021-08-31,,33448.0,,
Philippines,PHL,2021-09-01,,33533.0,,
Philippines,PHL,2021-09-02,,33680.0,,
Philippines,PHL,2021-09-03,,33873.0,,
Philippines,PHL,2021-09-04,,34062.0,,
Philippines,PHL,2021-09-05,,34234.0,,
Philippines,PHL,2021-09-06,155396.48,34337.0,155396.48,155396.48
Philippines,PHL,2021-09-07,,34498.0,,
Philippines,PHL,2021-09-08,,34672.0,,
Philippines,PHL,2021-09-09,,34733.0,,
Philippines,PHL,2021-09-10,,34899.0,,
Philippines,PHL,2021-09-11,,34978.0,,
Philippines,PHL,2021-09-12,,35145.0,,
Philippines,PHL,2021-09-13,170917.7,35307.0,170917.7,170917.7
Philippines,PHL,2021-09-14,,35529.0,,
Philippines,PHL,2021-09-15,,35742.0,,
Philippines,PHL,2021-09-16,,36018.0,,
Philippines,PHL,2021-09-17,,36328.0,,
Philippines,PHL,2021-09-18,,36583.0,,
Philippines,PHL,2021-09-19,,36788.0,,
Philippines,PHL,2021-09-20,186438.9,36934.0,186438.9,186438.9
Philippines,PHL,2021-09-21,,37074.0,,
Philippines,PHL,2021-09-22,,37228.0,,
Philippines,PHL,2021-09-23,,37405.0,,
Philippines,PHL,2021-09-24,,37405.0,,
Philippines,PHL,2021-09-25,,37405.0,,
Philippines,PHL,2021-09-26,,37405.0,,
Philippines,PHL,2021-09-27,201960.11,37494.0,201960.11,201960.11
Philippines,PHL,2021-09-28,,37978.0,,
Philippines,PHL,2021-09-29,,38164.0,,
Philippines,PHL,2021-09-30,,38294.0,,
Philippines,PHL,2021-10-01,,38493.0,,
Philippines,PHL,2021-10-02,,38656.0,,
Philippines,PHL,2021-10-03,,38768.0,,
Philippines,PHL,2021-10-04,208534.53,38828.0,208534.53,208534.53
Philippines,PHL,2021-10-05,,38828.0,,
Philippines,PHL,2021-10-06,,38828.0,,
Philippines,PHL,2021-10-07,,38937.0,,
Philippines,PHL,2021-10-08,,39232.0,,
Philippines,PHL,2021-10-09,,39505.0,,
Philippines,PHL,2021-10-10,,39624.0,,
Philippines,PHL,2021-10-11,215108.97,39660.0,215108.97,215108.97
Philippines,PHL,2021-10-12,,39896.0,,
Philippines,PHL,2021-10-13,,40069.0,,
Philippines,PHL,2021-10-14,,40221.0,,
Philippines,PHL,2021-10-15,,40424.0,,
Philippines,PHL,2021-10-16,,40580.0,,
Philippines,PHL,2021-10-17,,40675.0,,
Philippines,PHL,2021-10-18,221683.39,40761.0,221683.39,221683.39
Philippines,PHL,2021-10-19,,40972.0,,
Philippines,PHL,2021-10-20,,40977.0,,
Philippines,PHL,2021-10-21,,41237.0,,
Philippines,PHL,2021-10-22,,41520.0,,
Philippines,PHL,2021-10-23,,41585.0,,
Philippines,PHL,2021-10-24,,41793.0,,
Philippines,PHL,2021-10-25,228257.83,41942.0,228257.83,228257.83
Philippines,PHL,2021-10-26,,42077.0,,
Philippines,PHL,2021-10-27,,42348.0,,
Philippines,PHL,2021-10-28,,42575.0,,
Philippines,PHL,2021-10-29,,42621.0,,
Philippines,PHL,2021-10-30,,43044.0,,
Philippines,PHL,2021-10-31,,43172.0,,
Philippines,PHL,2021-11-01,229578.4,43276.0,229578.4,229578.4
Philippines,PHL,2021-11-02,,43404.0,,
Philippines,PHL,2021-11-03,,43586.0,,
Philippines,PHL,2021-11-04,,43825.0,,
Philippines,PHL,2021-11-05,,44085.0,,
Philippines,PHL,2021-11-06,,44239.0,,
Philippines,PHL,2021-11-07,,44430.0,,
Philippines,PHL,2021-11-08,230899.0,44521.0,230899.0,230899.0
Philippines,PHL,2021-11-09,,44567.0,,
Philippines,PHL,2021-11-10,,44665.0,,
Philippines,PHL,2021-11-11,,44866.0,,
Philippines,PHL,2021-11-12,,45035.0,,
Philippines,PHL,2021-11-13,,45272.0,,
Philippines,PHL,2021-11-14,,45581.0,,
Philippines,PHL,2021-11-15,232219.58,45709.0,232219.58,232219.58
Philippines,PHL,2021-11-16,,45808.0,,
Philippines,PHL,2021-11-17,,46117.0,,
Philippines,PHL,2021-11-18,,46422.0,,
Philippines,PHL,2021-11-19,,46698.0,,
Philippines,PHL,2021-11-20,,46903.0,,
Philippines,PHL,2021-11-21,,47074.0,,
Philippines,PHL,2021-11-22,233540.16,47288.0,233540.16,233540.16
Philippines,PHL,2021-11-23,,47482.0,,
Philippines,PHL,2021-11-24,,47682.0,,
Philippines,PHL,2021-11-25,,47875.0,,
Philippines,PHL,2021-11-26,,48017.0,,
Philippines,PHL,2021-11-27,,48205.0,,
Philippines,PHL,2021-11-28,,48361.0,,
Philippines,PHL,2021-11-29,234860.75,48501.0,234860.75,234860.75
Philippines,PHL,2021-11-30,,48545.0,,
Philippines,PHL,2021-12-01,,48712.0,,
Philippines,PHL,2021-12-02,,48752.0,,
Philippines,PHL,2021-12-03,,48987.0,,
Philippines,PHL,2021-12-04,,49230.0,,
Philippines,PHL,2021-12-05,,49386.0,,
Philippines,PHL,2021-12-06,235355.2,49499.0,235355.2,235355.2
Philippines,PHL,2021-12-07,,49591.0,,
Philippines,PHL,2021-12-08,,49761.0,,
Philippines,PHL,2021-12-09,,49936.0,,
Philippines,PHL,2021-12-10,,49961.0,,
Philippines,PHL,2021-12-11,,50096.0,,
Philippines,PHL,2021-12-12,,50280.0,,
Philippines,PHL,2021-12-13,235849.66,50341.0,235849.66,235849.66
Philippines,PHL,2021-12-14,,50351.0,,
Philippines,PHL,2021-12-15,,50449.0,,
Philippines,PHL,2021-12-16,,50496.0,,
Philippines,PHL,2021-12-17,,50570.0,,
Philippines,PHL,2021-12-18,,50675.0,,
Philippines,PHL,2021-12-19,,50739.0,,
Philippines,PHL,2021-12-20,236344.11,50784.0,236344.11,236344.11
Philippines,PHL,2021-12-21,,50784.0,,
Philippines,PHL,2021-12-22,,50916.0,,
Philippines,PHL,2021-12-23,,50981.0,,
Philippines,PHL,2021-12-24,,51050.0,,
Philippines,PHL,2021-12-25,,51187.0,,
Philippines,PHL,2021-12-26,,51200.0,,
Philippines,PHL,2021-12-27,236838.56,51211.0,236838.56,236838.56
Philippines,PHL,2021-12-28,,51213.0,,
Philippines,PHL,2021-12-29,,51241.0,,
Philippines,PHL,2021-12-30,,51373.0,,
Philippines,PHL,2021-12-31,,51504.0,,
Philippines,PHL,2022-01-01,,51545.0,,
Philippines,PHL,2022-01-02,,51570.0,,
Philippines,PHL,2022-01-03,239905.14,51586.0,239905.14,239905.14
Philippines,PHL,2022-01-04,,51604.0,,
Philippines,PHL,2022-01-05,,51662.0,,
Philippines,PHL,2022-01-06,,51743.0,,
Philippines,PHL,2022-01-07,,51871.0,,
Philippines,PHL,2022-01-08,,52135.0,,
Philippines,PHL,2022-01-09,,52150.0,,
Philippines,PHL,2022-01-10,242971.73,52293.0,242971.73,242971.73
Philippines,PHL,2022-01-11,,52511.0,,
Philippines,PHL,2022-01-12,,52654.0,,
Philippines,PHL,2022-01-13,,52736.0,,
Philippines,PHL,2022-01-14,,52815.0,,
Philippines,PHL,2022-01-15,,52858.0,,
Philippines,PHL,2022-01-16,,52907.0,,
Philippines,PHL,2022-01-17,246038.31,52929.0,246038.31,246038.31
Philippines,PHL,2022-01-18,,52962.0,,
Philippines,PHL,2022-01-19,,53044.0,,
Philippines,PHL,2022-01-20,,53153.0,,
Philippines,PHL,2022-01-21,,53309.0,,
Philippines,PHL,2022-01-22,,53406.0,,
Philippines,PHL,2022-01-23,,53472.0,,
Philippines,PHL,2022-01-24,249104.89,53519.0,249104.89,249104.89
Philippines,PHL,2022-01-25,,53598.0,,
Philippines,PHL,2022-01-26,,53664.0,,
Philippines,PHL,2022-01-27,,53736.0,,
Philippines,PHL,2022-01-28,,53801.0,,
Philippines,PHL,2022-01-29,,53871.0,,
Philippines,PHL,2022-01-30,,53891.0,,
Philippines,PHL,2022-01-31,252171.47,54003.0,252171.47,252171.47
Philippines,PHL,2022-02-01,,54054.0,,
Philippines,PHL,2022-02-02,,54097.0,,
Philippines,PHL,2022-02-03,,54168.0,,
Philippines,PHL,2022-02-04,,54214.0,,
Philippines,PHL,2022-02-05,,54214.0,,
Philippines,PHL,2022-02-06,,54526.0,,
Philippines,PHL,2022-02-07,253047.11,54538.0,253047.11,253047.11
Philippines,PHL,2022-02-08,,54621.0,,
Philippines,PHL,2022-02-09,,54690.0,,
Philippines,PHL,2022-02-10,,54783.0,,
Philippines,PHL,2022-02-11,,54854.0,,
Philippines,PHL,2022-02-12,,54930.0,,
Philippines,PHL,2022-02-13,,54930.0,,
Philippines,PHL,2022-02-14,253922.73,55094.0,253922.73,253922.73
Philippines,PHL,2022-02-15,,55146.0,,
Philippines,PHL,2022-02-16,,55223.0,,
Philippines,PHL,2022-02-17,,55330.0,,
Philippines,PHL,2022-02-18,,55409.0,,
Philippines,PHL,2022-02-19,,55607.0,,
Philippines,PHL,2022-02-20,,55684.0,,
Philippines,PHL,2022-02-21,254798.36,55763.0,254798.36,254798.36
Philippines,PHL,2022-02-22,,55776.0,,
Philippines,PHL,2022-02-23,,55977.0,,
Philippines,PHL,2022-02-24,,56165.0,,
Philippines,PHL,2022-02-25,,56224.0,,
Philippines,PHL,2022-02-26,,56351.0,,
Philippines,PHL,2022-02-27,,56401.0,,
Philippines,PHL,2022-02-28,255673.98,56451.0,255673.98,255673.98
Philippines,PHL,2022-03-01,,56451.0,,
Philippines,PHL,2022-03-02,,56504.0,,
Philippines,PHL,2022-03-03,,56538.0,,
Philippines,PHL,2022-03-04,,56770.0,,
Philippines,PHL,2022-03-05,,56879.0,,
Philippines,PHL,2022-03-06,,57023.0,,
Philippines,PHL,2022-03-07,255573.95,57066.0,255573.95,255573.95
Philippines,PHL,2022-03-08,,57072.0,,
Philippines,PHL,2022-03-09,,57182.0,,
Philippines,PHL,2022-03-10,,57258.0,,
Philippines,PHL,2022-03-11,,57258.0,,
Philippines,PHL,2022-03-12,,57441.0,,
Philippines,PHL,2022-03-13,,57610.0,,
Philippines,PHL,2022-03-14,255473.9,57625.0,255473.9,255473.9
Philippines,PHL,2022-03-15,,57625.0,,
Philippines,PHL,2022-03-16,,57735.0,,
Philippines,PHL,2022-03-17,,57880.0,,
Philippines,PHL,2022-03-18,,57880.0,,
Philippines,PHL,2022-03-19,,58023.0,,
Philippines,PHL,2022-03-20,,58263.0,,
Philippines,PHL,2022-03-21,255373.86,58276.0,255373.86,255373.86
Philippines,PHL,2022-03-22,,58281.0,,
Philippines,PHL,2022-03-23,,58563.0,,
Philippines,PHL,2022-03-24,,58771.0,,
Philippines,PHL,2022-03-25,,58771.0,,
Philippines,PHL,2022-03-26,,58884.0,,
Philippines,PHL,2022-03-27,,59015.0,,
Philippines,PHL,2022-03-28,255273.83,59030.0,255273.83,255273.83
Philippines,PHL,2022-03-29,,59038.0,,
Philippines,PHL,2022-03-30,,59125.0,,
Philippines,PHL,2022-03-31,,59249.0,,
Philippines,PHL,2022-04-01,,59324.0,,
Philippines,PHL,2022-04-02,,59324.0,,
Philippines,PHL,2022-04-03,,59343.0,,
Philippines,PHL,2022-04-04,254968.83,59365.0,254968.83,254968.83
Philippines,PHL,2022-04-05,,59370.0,,
Philippines,PHL,2022-04-06,,59422.0,,
Philippines,PHL,2022-04-07,,59591.0,,
Philippines,PHL,2022-04-08,,59591.0,,
Philippines,PHL,2022-04-09,,59730.0,,
Philippines,PHL,2022-04-10,,59769.0,,
Philippines,PHL,2022-04-11,254663.84,59777.0,254663.84,254663.84
Philippines,PHL,2022-04-12,,59778.0,,
Philippines,PHL,2022-04-13,,59891.0,,
Philippines,PHL,2022-04-14,,59932.0,,
Philippines,PHL,2022-04-15,,59932.0,,
Philippines,PHL,2022-04-16,,59964.0,,
Philippines,PHL,2022-04-17,,59969.0,,
Philippines,PHL,2022-04-18,254358.86,59976.0,254358.86,254358.86
Philippines,PHL,2022-04-19,,59982.0,,
Philippines,PHL,2022-04-20,,59990.0,,
Philippines,PHL,2022-04-21,,60056.0,,
Philippines,PHL,2022-04-22,,60056.0,,
Philippines,PHL,2022-04-23,,60179.0,,
Philippines,PHL,2022-04-24,,60182.0,,
Philippines,PHL,2022-04-25,254053.88,60194.0,254053.88,254053.88
Philippines,PHL,2022-04-26,,60195.0,,
Philippines,PHL,2022-04-27,,60215.0,,
Philippines,PHL,2022-04-28,,60267.0,,
Philippines,PHL,2022-04-29,,60267.0,,
Philippines,PHL,2022-04-30,,60341.0,,
Philippines,PHL,2022-05-01,,60397.0,,
Philippines,PHL,2022-05-02,254128.11,60410.0,254128.11,254128.11
Philippines,PHL,2022-05-03,,60412.0,,
Philippines,PHL,2022-05-04,,60439.0,,
Philippines,PHL,2022-05-05,,60439.0,,
Philippines,PHL,2022-05-06,,60439.0,,
Philippines,PHL,2022-05-07,,60439.0,,
Philippines,PHL,2022-05-08,,60439.0,,
Philippines,PHL,2022-05-09,254202.34,60439.0,254202.34,254202.34
Philippines,PHL,2022-05-10,,60439.0,,
Philippines,PHL,2022-05-11,,60439.0,,
Philippines,PHL,2022-05-12,,60452.0,,
Philippines,PHL,2022-05-13,,60452.0,,
Philippines,PHL,2022-05-14,,60452.0,,
Philippines,PHL,2022-05-15,,60452.0,,
Philippines,PHL,2022-05-16,254276.58,60452.0,254276.58,254276.58
Philippines,PHL,2022-05-17,,60452.0,,
Philippines,PHL,2022-05-18,,60452.0,,
Philippines,PHL,2022-05-19,,60452.0,,
Philippines,PHL,2022-05-20,,60452.0,,
Philippines,PHL,2022-05-21,,60455.0,,
Philippines,PHL,2022-05-22,,60455.0,,
Philippines,PHL,2022-05-23,254350.81,60455.0,254350.81,254350.81
Philippines,PHL,2022-05-24,,60455.0,,
Philippines,PHL,2022-05-25,,60455.0,,
Philippines,PHL,2022-05-26,,60455.0,,
Philippines,PHL,2022-05-27,,60455.0,,
Philippines,PHL,2022-05-28,,60455.0,,
Philippines,PHL,2022-05-29,,60455.0,,
Philippines,PHL,2022-05-30,254425.05,60455.0,254425.05,254425.05
Philippines,PHL,2022-05-31,,60455.0,,
Philippines,PHL,2022-06-01,,60455.0,,
Philippines,PHL,2022-06-02,,60455.0,,
Philippines,PHL,2022-06-03,,60456.0,,
Philippines,PHL,2022-06-04,,60456.0,,
Philippines,PHL,2022-06-05,,60456.0,,
Philippines,PHL,2022-06-06,254778.48,60456.0,254778.48,254778.48
Philippines,PHL,2022-06-07,,60456.0,,
Philippines,PHL,2022-06-08,,60456.0,,
Philippines,PHL,2022-06-09,,60456.0,,
Philippines,PHL,2022-06-10,,60456.0,,
Philippines,PHL,2022-06-11,,60461.0,,
Philippines,PHL,2022-06-12,,60461.0,,
Philippines,PHL,2022-06-13,255131.92,60461.0,255131.92,255131.92
Philippines,PHL,2022-06-14,,60461.0,,
Philippines,PHL,2022-06-15,,60461.0,,
Philippines,PHL,2022-06-16,,60461.0,,
Philippines,PHL,2022-06-17,,60461.0,,
Philippines,PHL,2022-06-18,,60467.0,,
Philippines,PHL,2022-06-19,,60467.0,,
Philippines,PHL,2022-06-20,255485.36,60476.0,255485.36,255485.36
Philippines,PHL,2022-06-21,,60484.0,,
Philippines,PHL,2022-06-22,,60495.0,,
Philippines,PHL,2022-06-23,,60495.0,,
Philippines,PHL,2022-06-24,,60495.0,,
Philippines,PHL,2022-06-25,,60518.0,,
Philippines,PHL,2022-06-26,,60518.0,,
Philippines,PHL,2022-06-27,255838.78,60531.0,255838.78,255838.78
Philippines,PHL,2022-06-28,,60542.0,,
Philippines,PHL,2022-06-29,,60555.0,,
Philippines,PHL,2022-06-30,,60555.0,,
Philippines,PHL,2022-07-01,,60555.0,,
Philippines,PHL,2022-07-02,,60555.0,,
Philippines,PHL,2022-07-03,,60602.0,,
Philippines,PHL,2022-07-04,256492.89,60610.0,256492.89,256492.89
Philippines,PHL,2022-07-05,,60622.0,,
Philippines,PHL,2022-07-06,,60625.0,,
Philippines,PHL,2022-07-07,,60625.0,,
Philippines,PHL,2022-07-08,,60640.0,,
Philippines,PHL,2022-07-09,,60640.0,,
Philippines,PHL,2022-07-10,,60640.0,,
Philippines,PHL,2022-07-11,257147.0,60640.0,257147.0,257147.0
Philippines,PHL,2022-07-12,,60640.0,,
Philippines,PHL,2022-07-13,,60641.0,,
Philippines,PHL,2022-07-14,,60641.0,,
Philippines,PHL,2022-07-15,,60641.0,,
Philippines,PHL,2022-07-16,,60641.0,,
Philippines,PHL,2022-07-17,,60641.0,,
Philippines,PHL,2022-07-18,257801.11,60641.0,257801.11,257801.11
Philippines,PHL,2022-07-19,,60641.0,,
Philippines,PHL,2022-07-20,,60641.0,,
Philippines,PHL,2022-07-21,,60641.0,,
Philippines,PHL,2022-07-22,,60641.0,,
Philippines,PHL,2022-07-23,,60683.0,,
Philippines,PHL,2022-07-24,,60694.0,,
Philippines,PHL,2022-07-25,258455.22,60694.0,258455.22,258455.22
Philippines,PHL,2022-07-26,,60694.0,,
Philippines,PHL,2022-07-27,,60704.0,,
Philippines,PHL,2022-07-28,,60704.0,,
Philippines,PHL,2022-07-29,,60704.0,,
Philippines,PHL,2022-07-30,,60727.0,,
Philippines,PHL,2022-07-31,,60737.0,,
Philippines,PHL,2022-08-01,259577.02,60749.0,259577.02,259577.02
Philippines,PHL,2022-08-02,,60762.0,,
Philippines,PHL,2022-08-03,,60773.0,,
Philippines,PHL,2022-08-04,,60807.0,,
Philippines,PHL,2022-08-05,,60807.0,,
Philippines,PHL,2022-08-06,,60807.0,,
Philippines,PHL,2022-08-07,,60837.0,,
Philippines,PHL,2022-08-08,260698.81,60864.0,260698.81,260698.81
Philippines,PHL,2022-08-09,,60889.0,,
Philippines,PHL,2022-08-10,,60916.0,,
Philippines,PHL,2022-08-11,,60916.0,,
Philippines,PHL,2022-08-12,,60916.0,,
Philippines,PHL,2022-08-13,,61036.0,,
Philippines,PHL,2022-08-14,,61078.0,,
Philippines,PHL,2022-08-15,261820.61,61127.0,261820.61,261820.61
Philippines,PHL,2022-08-16,,61173.0,,
Philippines,PHL,2022-08-17,,61221.0,,
Philippines,PHL,2022-08-18,,61221.0,,
Philippines,PHL,2022-08-19,,61357.0,,
Philippines,PHL,2022-08-20,,61357.0,,
Philippines,PHL,2022-08-21,,61386.0,,
Philippines,PHL,2022-08-22,262942.4,61426.0,262942.4,262942.4
Philippines,PHL,2022-08-23,,61476.0,,
Philippines,PHL,2022-08-24,,61519.0,,
Philippines,PHL,2022-08-25,,61519.0,,
Philippines,PHL,2022-08-26,,61519.0,,
Philippines,PHL,2022-08-27,,61667.0,,
Philippines,PHL,2022-08-28,,61720.0,,
Philippines,PHL,2022-08-29,264064.2,61773.0,264064.2,264064.2
Philippines,PHL,2022-08-30,,61814.0,,
Philippines,PHL,2022-08-31,,61864.0,,
Philippines,PHL,2022-09-01,,61864.0,,
Philippines,PHL,2022-09-02,,61864.0,,
Philippines,PHL,2022-09-03,,62011.0,,
Philippines,PHL,2022-09-04,,62062.0,,
Philippines,PHL,2022-09-05,264750.3,62118.0,264750.3,264750.3
Philippines,PHL,2022-09-06,,62167.0,,
Philippines,PHL,2022-09-07,,62206.0,,
Philippines,PHL,2022-09-08,,62304.0,,
Philippines,PHL,2022-09-09,,62304.0,,
Philippines,PHL,2022-09-10,,62304.0,,
Philippines,PHL,2022-09-11,,62342.0,,
Philippines,PHL,2022-09-12,265436.44,62382.0,265436.44,265436.44
Philippines,PHL,2022-09-13,,62416.0,,
Philippines,PHL,2022-09-14,,62447.0,,
Philippines,PHL,2022-09-15,,62447.0,,
Philippines,PHL,2022-09-16,,62447.0,,
Philippines,PHL,2022-09-17,,62549.0,,
Philippines,PHL,2022-09-18,,62587.0,,
Philippines,PHL,2022-09-19,266122.56,62620.0,266122.56,266122.56
Philippines,PHL,2022-09-20,,62657.0,,
Philippines,PHL,2022-09-21,,62695.0,,
Philippines,PHL,2022-09-22,,62695.0,,
Philippines,PHL,2022-09-23,,62695.0,,
Philippines,PHL,2022-09-24,,62790.0,,
Philippines,PHL,2022-09-25,,62819.0,,
Philippines,PHL,2022-09-26,266808.7,62849.0,266808.7,266808.7
Philippines,PHL,2022-09-27,,62882.0,,
Philippines,PHL,2022-09-28,,62916.0,,
Philippines,PHL,2022-09-29,,62916.0,,
Philippines,PHL,2022-09-30,,62916.0,,
Philippines,PHL,2022-10-01,,63013.0,,
Philippines,PHL,2022-10-02,,63042.0,,
Philippines,PHL,2022-10-03,267151.25,63078.0,267151.25,267151.25
Philippines,PHL,2022-10-04,,63111.0,,
Philippines,PHL,2022-10-05,,63149.0,,
Philippines,PHL,2022-10-06,,63149.0,,
Philippines,PHL,2022-10-07,,63264.0,,
Philippines,PHL,2022-10-08,,63264.0,,
Philippines,PHL,2022-10-09,,63297.0,,
Philippines,PHL,2022-10-10,267493.84,63329.0,267493.84,267493.84
Philippines,PHL,2022-10-11,,63363.0,,
Philippines,PHL,2022-10-12,,63403.0,,
Philippines,PHL,2022-10-13,,63403.0,,
Philippines,PHL,2022-10-14,,63510.0,,
Philippines,PHL,2022-10-15,,63510.0,,
Philippines,PHL,2022-10-16,,63547.0,,
Philippines,PHL,2022-10-17,267836.44,63581.0,267836.44,267836.44
Philippines,PHL,2022-10-18,,63625.0,,
Philippines,PHL,2022-10-19,,63669.0,,
Philippines,PHL,2022-10-20,,63669.0,,
Philippines,PHL,2022-10-21,,63669.0,,
Philippines,PHL,2022-10-22,,63779.0,,
Philippines,PHL,2022-10-23,,63814.0,,
Philippines,PHL,2022-10-24,268179.0,63846.0,268179.0,268179.0
Philippines,PHL,2022-10-25,,63846.0,,
Philippines,PHL,2022-10-26,,63921.0,,
Philippines,PHL,2022-10-27,,63921.0,,
Philippines,PHL,2022-10-28,,63921.0,,
Philippines,PHL,2022-10-29,,64033.0,,
Philippines,PHL,2022-10-30,,64074.0,,
Philippines,PHL,2022-10-31,268521.6,64109.0,268521.6,268521.6
Philippines,PHL,2022-11-01,,64145.0,,
Philippines,PHL,2022-11-02,,64179.0,,
Philippines,PHL,2022-11-03,,64179.0,,
Philippines,PHL,2022-11-04,,64179.0,,
Philippines,PHL,2022-11-05,,64274.0,,
Philippines,PHL,2022-11-06,,64291.0,,
Philippines,PHL,2022-11-07,269091.8,64298.0,269091.8,269091.8
Philippines,PHL,2022-11-08,,64322.0,,
Philippines,PHL,2022-11-09,,64329.0,,
Philippines,PHL,2022-11-10,,64329.0,,
Philippines,PHL,2022-11-11,,64329.0,,
Philippines,PHL,2022-11-12,,64387.0,,
Philippines,PHL,2022-11-13,,64405.0,,
Philippines,PHL,2022-11-14,269662.0,64420.0,269662.0,269662.0
Philippines,PHL,2022-11-15,,64432.0,,
Philippines,PHL,2022-11-16,,64441.0,,
Philippines,PHL,2022-11-17,,64441.0,,
Philippines,PHL,2022-11-18,,64441.0,,
Philippines,PHL,2022-11-19,,64476.0,,
Philippines,PHL,2022-11-20,,64485.0,,
Philippines,PHL,2022-11-21,270232.2,64500.0,270232.2,270232.2
Philippines,PHL,2022-11-22,,64504.0,,
Philippines,PHL,2022-11-23,,64524.0,,
Philippines,PHL,2022-11-24,,64524.0,,
Philippines,PHL,2022-11-25,,64524.0,,
Philippines,PHL,2022-11-26,,64594.0,,
Philippines,PHL,2022-11-27,,64608.0,,
Philippines,PHL,2022-11-28,270802.4,64620.0,270802.4,270802.4
Philippines,PHL,2022-11-29,,64641.0,,
Philippines,PHL,2022-11-30,,64658.0,,
Philippines,PHL,2022-12-01,,64658.0,,
Philippines,PHL,2022-12-02,,64658.0,,
Philippines,PHL,2022-12-03,,64725.0,,
Philippines,PHL,2022-12-04,,64750.0,,
Philippines,PHL,2022-12-05,271582.9,64770.0,271582.9,271582.9
Philippines,PHL,2022-12-06,,64794.0,,
Philippines,PHL,2022-12-07,,64820.0,,
Philippines,PHL,2022-12-08,,64820.0,,
Philippines,PHL,2022-12-09,,64820.0,,
Philippines,PHL,2022-12-10,,64880.0,,
Philippines,PHL,2022-12-11,,64902.0,,
Philippines,PHL,2022-12-12,272363.44,64921.0,272363.44,272363.44
Philippines,PHL,2022-12-13,,64944.0,,
Philippines,PHL,2022-12-14,,64968.0,,
Philippines,PHL,2022-12-15,,64968.0,,
Philippines,PHL,2022-12-16,,65034.0,,
Philippines,PHL,2022-12-17,,65064.0,,
Philippines,PHL,2022-12-18,,65094.0,,
Philippines,PHL,2022-12-19,273143.94,65127.0,273143.94,273143.94
Philippines,PHL,2022-12-20,,65142.0,,
Philippines,PHL,2022-12-21,,65172.0,,
Philippines,PHL,2022-12-22,,65172.0,,
Philippines,PHL,2022-12-23,,65172.0,,
Philippines,PHL,2022-12-24,,65172.0,,
Philippines,PHL,2022-12-25,,65262.0,,
Philippines,PHL,2022-12-26,273924.44,65262.0,273924.44,273924.44
Philippines,PHL,2022-12-27,,65309.0,,
Philippines,PHL,2022-12-28,,65309.0,,
Philippines,PHL,2022-12-29,,65309.0,,
Philippines,PHL,2022-12-30,,65309.0,,
Philippines,PHL,2022-12-31,,65397.0,,
Philippines,PHL,2023-01-01,,65415.0,,
Philippines,PHL,2023-01-02,274606.03,65435.0,274606.03,274606.03
Philippines,PHL,2023-01-03,,65445.0,,
Philippines,PHL,2023-01-04,,65451.0,,
Philippines,PHL,2023-01-05,,65451.0,,
Philippines,PHL,2023-01-06,,65451.0,,
Philippines,PHL,2023-01-07,,65451.0,,
Philippines,PHL,2023-01-08,,65451.0,,
Philippines,PHL,2023-01-09,275287.6,65451.0,275287.6,275287.6
Philippines,PHL,2023-01-10,,65451.0,,
Philippines,PHL,2023-01-11,,65451.0,,
Philippines,PHL,2023-01-12,,65451.0,,
Philippines,PHL,2023-01-13,,65451.0,,
Philippines,PHL,2023-01-14,,65451.0,,
Philippines,PHL,2023-01-15,,65451.0,,
Philippines,PHL,2023-01-16,275969.2,65451.0,275969.2,275969.2
Philippines,PHL,2023-01-17,,65451.0,,
Philippines,PHL,2023-01-18,,65451.0,,
Philippines,PHL,2023-01-19,,65451.0,,
Philippines,PHL,2023-01-20,,65451.0,,
Philippines,PHL,2023-01-21,,65451.0,,
Philippines,PHL,2023-01-22,,65451.0,,
Philippines,PHL,2023-01-23,276650.75,65451.0,276650.75,276650.75
Philippines,PHL,2023-01-24,,65451.0,,
Philippines,PHL,2023-01-25,,65451.0,,
Philippines,PHL,2023-01-26,,65451.0,,
Philippines,PHL,2023-01-27,,65451.0,,
Philippines,PHL,2023-01-28,,65451.0,,
Philippines,PHL,2023-01-29,,65451.0,,
Philippines,PHL,2023-01-30,277332.34,65451.0,277332.34,277332.34
Philippines,PHL,2023-01-31,,65451.0,,
Philippines,PHL,2023-02-01,,65802.0,,
Philippines,PHL,2023-02-02,,65810.0,,
Philippines,PHL,2023-02-03,,65810.0,,
Philippines,PHL,2023-02-04,,65810.0,,
Philippines,PHL,2023-02-05,,65851.0,,
Philippines,PHL,2023-02-06,277937.6,65865.0,277937.6,277937.6
Philippines,PHL,2023-02-07,,65875.0,,
Philippines,PHL,2023-02-08,,65875.0,,
Philippines,PHL,2023-02-09,,65904.0,,
Philippines,PHL,2023-02-10,,65904.0,,
Philippines,PHL,2023-02-11,,65904.0,,
Philippines,PHL,2023-02-12,,65949.0,,
Philippines,PHL,2023-02-13,278542.84,65958.0,278542.84,278542.84
Philippines,PHL,2023-02-14,,65968.0,,
Philippines,PHL,2023-02-15,,65985.0,,
Philippines,PHL,2023-02-16,,65999.0,,
Philippines,PHL,2023-02-17,,65999.0,,
Philippines,PHL,2023-02-18,,65999.0,,
Philippines,PHL,2023-02-19,,66021.0,,
Philippines,PHL,2023-02-20,279148.1,66030.0,279148.1,279148.1
Philippines,PHL,2023-02-21,,66039.0,,
Philippines,PHL,2023-02-22,,66051.0,,
Philippines,PHL,2023-02-23,,66063.0,,
Philippines,PHL,2023-02-24,,66063.0,,
Philippines,PHL,2023-02-25,,66063.0,,
Philippines,PHL,2023-02-26,,66097.0,,
Philippines,PHL,2023-02-27,279753.38,66108.0,279753.38,279753.38
Philippines,PHL,2023-02-28,,66111.0,,
Philippines,PHL,2023-03-01,,66118.0,,
Philippines,PHL,2023-03-02,,66126.0,,
Philippines,PHL,2023-03-03,,66126.0,,
Philippines,PHL,2023-03-04,,66126.0,,
Philippines,PHL,2023-03-05,,66153.0,,
Philippines,PHL,2023-03-06,280598.75,66160.0,280598.75,280598.75
Philippines,PHL,2023-03-07,,66167.0,,
Philippines,PHL,2023-03-08,,66176.0,,
Philippines,PHL,2023-03-09,,66188.0,,
Philippines,PHL,2023-03-10,,66188.0,,
Philippines,PHL,2023-03-11,,66188.0,,
Philippines,PHL,2023-03-12,,66210.0,,
Philippines,PHL,2023-03-13,281444.12,66217.0,281444.12,281444.12
Philippines,PHL,2023-03-14,,66226.0,,
Philippines,PHL,2023-03-15,,66237.0,,
Philippines,PHL,2023-03-16,,66245.0,,
Philippines,PHL,2023-03-17,,66245.0,,
Philippines,PHL,2023-03-18,,66272.0,,
Philippines,PHL,2023-03-19,,66272.0,,
Philippines,PHL,2023-03-20,282289.5,66272.0,282289.5,282289.5
Philippines,PHL,2023-03-21,,66288.0,,
Philippines,PHL,2023-03-22,,66295.0,,
Philippines,PHL,2023-03-23,,66304.0,,
Philippines,PHL,2023-03-24,,66304.0,,
Philippines,PHL,2023-03-25,,66304.0,,
Philippines,PHL,2023-03-26,,66332.0,,
Philippines,PHL,2023-03-27,283134.84,66342.0,283134.84,283134.84
Philippines,PHL,2023-03-28,,66351.0,,
Philippines,PHL,2023-03-29,,66359.0,,
Philippines,PHL,2023-03-30,,66364.0,,
Philippines,PHL,2023-03-31,,66364.0,,
Philippines,PHL,2023-04-01,,66364.0,,
Philippines,PHL,2023-04-02,,66390.0,,
Philippines,PHL,2023-04-03,283749.0,66390.0,283749.0,283749.0
Philippines,PHL,2023-04-04,,66390.0,,
Philippines,PHL,2023-04-05,,66390.0,,
Philippines,PHL,2023-04-06,,66390.0,,
Philippines,PHL,2023-04-07,,66390.0,,
Philippines,PHL,2023-04-08,,66390.0,,
Philippines,PHL,2023-04-09,,66420.0,,
Philippines,PHL,2023-04-10,284363.12,66425.0,284363.12,284363.12
Philippines,PHL,2023-04-11,,66425.0,,
Philippines,PHL,2023-04-12,,66431.0,,
Philippines,PHL,2023-04-13,,66433.0,,
Philippines,PHL,2023-04-14,,66433.0,,
Philippines,PHL,2023-04-15,,66433.0,,
Philippines,PHL,2023-04-16,,66439.0,,
Philippines,PHL,2023-04-17,284977.25,66441.0,284977.25,284977.25
Philippines,PHL,2023-04-18,,66443.0,,
Philippines,PHL,2023-04-19,,66443.0,,
Philippines,PHL,2023-04-20,,66444.0,,
Philippines,PHL,2023-04-21,,66444.0,,
Philippines,PHL,2023-04-22,,66444.0,,
Philippines,PHL,2023-04-23,,66444.0,,
Philippines,PHL,2023-04-24,285591.38,66444.0,285591.38,285591.38
Philippines,PHL,2023-04-25,,66444.0,,
Philippines,PHL,2023-04-26,,66444.0,,
Philippines,PHL,2023-04-27,,66444.0,,
Philippines,PHL,2023-04-28,,66444.0,,
Philippines,PHL,2023-04-29,,66444.0,,
Philippines,PHL,2023-04-30,,66444.0,,
Philippines,PHL,2023-05-01,286523.62,66444.0,286523.62,286523.62
Philippines,PHL,2023-05-02,,66444.0,,
Philippines,PHL,2023-05-03,,66444.0,,
Philippines,PHL,2023-05-04,,66444.0,,
Philippines,PHL,2023-05-05,,66444.0,,
Philippines,PHL,2023-05-06,,66444.0,,
Philippines,PHL,2023-05-07,,66453.0,,
Philippines,PHL,2023-05-08,287455.9,66453.0,287455.9,287455.9
Philippines,PHL,2023-05-09,,66453.0,,
Philippines,PHL,2023-05-10,,66453.0,,
Philippines,PHL,2023-05-11,,66453.0,,
Philippines,PHL,2023-05-12,,66453.0,,
Philippines,PHL,2023-05-13,,66453.0,,
Philippines,PHL,2023-05-14,,66453.0,,
Philippines,PHL,2023-05-15,288388.16,66453.0,288388.16,288388.16
Philippines,PHL,2023-05-16,,66453.0,,
Philippines,PHL,2023-05-17,,66453.0,,
Philippines,PHL,2023-05-18,,66453.0,,
Philippines,PHL,2023-05-19,,66453.0,,
Philippines,PHL,2023-05-20,,66453.0,,
Philippines,PHL,2023-05-21,,66466.0,,
Philippines,PHL,2023-05-22,289320.4,66466.0,289320.4,289320.4
Philippines,PHL,2023-05-23,,66466.0,,
Philippines,PHL,2023-05-24,,66466.0,,
Philippines,PHL,2023-05-25,,66466.0,,
Philippines,PHL,2023-05-26,,66466.0,,
Philippines,PHL,2023-05-27,,66466.0,,
Philippines,PHL,2023-05-28,,66466.0,,
Philippines,PHL,2023-05-29,290252.7,66466.0,290252.7,290252.7
Philippines,PHL,2023-05-30,,66466.0,,
Philippines,PHL,2023-05-31,,66466.0,,
Philippines,PHL,2023-06-01,,66466.0,,
Philippines,PHL,2023-06-02,,66476.0,,
Philippines,PHL,2023-06-03,,66476.0,,
Philippines,PHL,2023-06-04,,66476.0,,
Philippines,PHL,2023-06-05,291502.12,66481.0,291502.12,291502.12
Philippines,PHL,2023-06-06,,66481.0,,
Philippines,PHL,2023-06-07,,66476.0,,
Philippines,PHL,2023-06-08,,66476.0,,
Philippines,PHL,2023-06-09,,66476.0,,
Philippines,PHL,2023-06-10,,66476.0,,
Philippines,PHL,2023-06-11,,66481.0,,
Philippines,PHL,2023-06-12,292751.56,66481.0,292751.56,292751.56
Philippines,PHL,2023-06-13,,66481.0,,
Philippines,PHL,2023-06-14,,66481.0,,
Philippines,PHL,2023-06-15,,66481.0,,
Philippines,PHL,2023-06-16,,66481.0,,
Philippines,PHL,2023-06-17,,66481.0,,
Philippines,PHL,2023-06-18,,66482.0,,
Philippines,PHL,2023-06-19,294001.03,66482.0,294001.03,294001.03
Philippines,PHL,2023-06-20,,66482.0,,
Philippines,PHL,2023-06-21,,66482.0,,
Philippines,PHL,2023-06-22,,66482.0,,
Philippines,PHL,2023-06-23,,66482.0,,
Philippines,PHL,2023-06-24,,66482.0,,
Philippines,PHL,2023-06-25,,66482.0,,
Philippines,PHL,2023-06-26,295250.47,66482.0,295250.47,295250.47
Philippines,PHL,2023-06-27,,66483.0,,
Philippines,PHL,2023-06-28,,66484.0,,
Philippines,PHL,2023-06-29,,66484.0,,
Philippines,PHL,2023-06-30,,66484.0,,
Philippines,PHL,2023-07-01,,66484.0,,
Philippines,PHL,2023-07-02,,66484.0,,
Philippines,PHL,2023-07-03,296185.9,66484.0,296185.9,296185.9
Philippines,PHL,2023-07-04,,66484.0,,
Philippines,PHL,2023-07-05,,66484.0,,
Philippines,PHL,2023-07-06,,66484.0,,
Philippines,PHL,2023-07-07,,66484.0,,
Philippines,PHL,2023-07-08,,66484.0,,
Philippines,PHL,2023-07-09,,66484.0,,
Philippines,PHL,2023-07-10,297121.3,66484.0,297121.3,297121.3
Philippines,PHL,2023-07-11,,66484.0,,
Philippines,PHL,2023-07-12,,66484.0,,
Philippines,PHL,2023-07-13,,66484.0,,
Philippines,PHL,2023-07-14,,66484.0,,
Philippines,PHL,2023-07-15,,66484.0,,
Philippines,PHL,2023-07-16,,66484.0,,
Philippines,PHL,2023-07-17,298056.75,66510.0,298056.75,298056.75
Philippines,PHL,2023-07-18,,66510.0,,
Philippines,PHL,2023-07-19,,66510.0,,
Philippines,PHL,2023-07-20,,66510.0,,
Philippines,PHL,2023-07-21,,66510.0,,
Philippines,PHL,2023-07-22,,66510.0,,
Philippines,PHL,2023-07-23,,66510.0,,
Philippines,PHL,2023-07-24,298992.16,66542.0,298992.16,298992.16
Philippines,PHL,2023-07-25,,66542.0,,
Philippines,PHL,2023-07-26,,66542.0,,
Philippines,PHL,2023-07-27,,66542.0,,
Philippines,PHL,2023-07-28,,66542.0,,
Philippines,PHL,2023-07-29,,66542.0,,
Philippines,PHL,2023-07-30,,66542.0,,
Philippines,PHL,2023-07-31,299927.6,66592.0,299927.6,299927.6
Philippines,PHL,2023-08-01,,66592.0,,
Philippines,PHL,2023-08-02,,66626.0,,
Philippines,PHL,2023-08-03,,66626.0,,
Philippines,PHL,2023-08-04,,66626.0,,
Philippines,PHL,2023-08-05,,66626.0,,
Philippines,PHL,2023-08-06,,66626.0,,
Philippines,PHL,2023-08-07,300080.2,66626.0,300080.2,300080.2
Philippines,PHL,2023-08-08,,66646.0,,
Philippines,PHL,2023-08-09,,66646.0,,
Philippines,PHL,2023-08-10,,66646.0,,
Philippines,PHL,2023-08-11,,66646.0,,
Philippines,PHL,2023-08-12,,66646.0,,
Philippines,PHL,2023-08-13,,66646.0,,
Philippines,PHL,2023-08-14,300232.78,66646.0,300232.78,300232.78
Philippines,PHL,2023-08-15,,66646.0,,
Philippines,PHL,2023-08-16,,66646.0,,
Philippines,PHL,2023-08-17,,66646.0,,
Philippines,PHL,2023-08-18,,66646.0,,
Philippines,PHL,2023-08-19,,66646.0,,
Philippines,PHL,2023-08-20,,66646.0,,
Philippines,PHL,2023-08-21,300385.38,66656.0,300385.38,300385.38
Philippines,PHL,2023-08-22,,66656.0,,
Philippines,PHL,2023-08-23,,66656.0,,
Philippines,PHL,2023-08-24,,66656.0,,
Philippines,PHL,2023-08-25,,66656.0,,
Philippines,PHL,2023-08-26,,66656.0,,
Philippines,PHL,2023-08-27,,66656.0,,
Philippines,PHL,2023-08-28,300537.97,66661.0,300537.97,300537.97
Philippines,PHL,2023-08-29,,66661.0,,
Philippines,PHL,2023-08-30,,66661.0,,
Philippines,PHL,2023-08-31,,66661.0,,
Philippines,PHL,2023-09-01,,66661.0,,
Philippines,PHL,2023-09-02,,66661.0,,
Philippines,PHL,2023-09-03,,66661.0,,
Philippines,PHL,2023-09-04,299336.9,66667.0,299336.9,299336.9
Philippines,PHL,2023-09-05,,66667.0,,
Philippines,PHL,2023-09-06,,66667.0,,
Philippines,PHL,2023-09-07,,66667.0,,
Philippines,PHL,2023-09-08,,66667.0,,
Philippines,PHL,2023-09-09,,66667.0,,
Philippines,PHL,2023-09-10,,66667.0,,
Philippines,PHL,2023-09-11,298135.84,66681.0,298135.84,298135.84
Philippines,PHL,2023-09-12,,66681.0,,
Philippines,PHL,2023-09-13,,66681.0,,
Philippines,PHL,2023-09-14,,66681.0,,
Philippines,PHL,2023-09-15,,66681.0,,
Philippines,PHL,2023-09-16,,66681.0,,
Philippines,PHL,2023-09-17,,66681.0,,
Philippines,PHL,2023-09-18,296934.78,66685.0,296934.78,296934.78
Philippines,PHL,2023-09-19,,66685.0,,
Philippines,PHL,2023-09-20,,66685.0,,
Philippines,PHL,2023-09-21,,66685.0,,
Philippines,PHL,2023-09-22,,66685.0,,
Philippines,PHL,2023-09-23,,66685.0,,
Philippines,PHL,2023-09-24,,66685.0,,
Philippines,PHL,2023-09-25,295733.72,66696.0,295733.72,295733.72
Philippines,PHL,2023-09-26,,66696.0,,
Philippines,PHL,2023-09-27,,66696.0,,
Philippines,PHL,2023-09-28,,66696.0,,
Philippines,PHL,2023-09-29,,66696.0,,
Philippines,PHL,2023-09-30,,66696.0,,
Philippines,PHL,2023-10-01,,66696.0,,
Philippines,PHL,2023-10-02,296202.0,66696.0,298781.03,295200.97
Philippines,PHL,2023-10-03,,66696.0,,
Philippines,PHL,2023-10-04,,66696.0,,
Philippines,PHL,2023-10-05,,66696.0,,
Philippines,PHL,2023-10-06,,66696.0,,
Philippines,PHL,2023-10-07,,66696.0,,
Philippines,PHL,2023-10-08,,66696.0,,
Philippines,PHL,2023-10-09,296668.2,66702.0,301790.94,294672.1
Philippines,PHL,2023-10-10,,66702.0,,
Philippines,PHL,2023-10-11,,66702.0,,
Philippines,PHL,2023-10-12,,66702.0,,
Philippines,PHL,2023-10-13,,66702.0,,
Philippines,PHL,2023-10-14,,66702.0,,
Philippines,PHL,2023-10-15,,66702.0,,
Philippines,PHL,2023-10-16,297137.2,66714.0,304792.47,294121.3
Philippines,PHL,2023-10-17,,66714.0,,
Philippines,PHL,2023-10-18,,66714.0,,
Philippines,PHL,2023-10-19,,66714.0,,
Philippines,PHL,2023-10-20,,66714.0,,
Philippines,PHL,2023-10-21,,66714.0,,
Philippines,PHL,2023-10-22,,66714.0,,
Philippines,PHL,2023-10-23,297607.94,66714.0,307823.72,293583.84
Philippines,PHL,2023-10-24,,66714.0,,
Philippines,PHL,2023-10-25,,66714.0,,
Philippines,PHL,2023-10-26,,66714.0,,
Philippines,PHL,2023-10-27,,66714.0,,
Philippines,PHL,2023-10-28,,66714.0,,
Philippines,PHL,2023-10-29,,66714.0,,
Philippines,PHL,2023-10-30,298077.16,66736.0,310848.78,293069.6
Philippines,PHL,2023-10-31,,66736.0,,
Philippines,PHL,2023-11-01,,66736.0,,
Philippines,PHL,2023-11-02,,66736.0,,
Philippines,PHL,2023-11-03,,66736.0,,
Philippines,PHL,2023-11-04,,66736.0,,
Philippines,PHL,2023-11-05,,66736.0,,
Philippines,PHL,2023-11-06,298552.97,66736.0,313890.2,292547.94
Philippines,PHL,2023-11-07,,66736.0,,
Philippines,PHL,2023-11-08,,66736.0,,
Philippines,PHL,2023-11-09,,66736.0,,
Philippines,PHL,2023-11-10,,66736.0,,
Philippines,PHL,2023-11-11,,66736.0,,
Philippines,PHL,2023-11-12,,66736.0,,
Philippines,PHL,2023-11-13,299026.3,66746.0,316846.06,291990.97
Philippines,PHL,2023-11-14,,66746.0,,
Philippines,PHL,2023-11-15,,66746.0,,
Philippines,PHL,2023-11-16,,66746.0,,
Philippines,PHL,2023-11-17,,66746.0,,
Philippines,PHL,2023-11-18,,66746.0,,
Philippines,PHL,2023-11-19,,66746.0,,
Philippines,PHL,2023-11-20,299506.12,66746.0,319820.12,291156.53
Philippines,PHL,2023-11-21,,66746.0,,
Philippines,PHL,2023-11-22,,66746.0,,
Philippines,PHL,2023-11-23,,66746.0,,
Philippines,PHL,2023-11-24,,66746.0,,
Philippines,PHL,2023-11-25,,66746.0,,
Philippines,PHL,2023-11-26,,66746.0,,
Philippines,PHL,2023-11-27,299983.97,66755.0,322830.94,290570.62
Philippines,PHL,2023-11-28,,66755.0,,
Philippines,PHL,2023-11-29,,66755.0,,
Philippines,PHL,2023-11-30,,66755.0,,
Philippines,PHL,2023-12-01,,66755.0,,
Philippines,PHL,2023-12-02,,66755.0,,
Philippines,PHL,2023-12-03,,66755.0,,
Philippines,PHL,2023-12-04,300461.9,66766.0,326021.3,290222.62
Philippines,PHL,2023-12-05,,66766.0,,
Philippines,PHL,2023-12-06,,66766.0,,
Philippines,PHL,2023-12-07,,66766.0,,
Philippines,PHL,2023-12-08,,66766.0,,
Philippines,PHL,2023-12-09,,66766.0,,
Philippines,PHL,2023-12-10,,66766.0,,
Philippines,PHL,2023-12-11,300937.2,66779.0,329707.34,290192.1
Philippines,PHL,2023-12-12,,66779.0,,
Philippines,PHL,2023-12-13,,66779.0,,
Philippines,PHL,2023-12-14,,66779.0,,
Philippines,PHL,2023-12-15,,66779.0,,
Philippines,PHL,2023-12-16,,66779.0,,
Philippines,PHL,2023-12-17,,66779.0,,
Philippines,PHL,2023-12-18,301413.03,66779.0,333361.3,289796.03
Philippines,PHL,2023-12-19,,66779.0,,
Philippines,PHL,2023-12-20,,66779.0,,
Philippines,PHL,2023-12-21,,66779.0,,
Philippines,PHL,2023-12-22,,66779.0,,
Philippines,PHL,2023-12-23,,66779.0,,
Philippines,PHL,2023-12-24,,66779.0,,
Philippines,PHL,2023-12-25,301896.03,66795.0,337339.75,289343.0
Philippines,PHL,2023-12-26,,66795.0,,
Philippines,PHL,2023-12-27,,66795.0,,
Philippines,PHL,2023-12-28,,66795.0,,
Philippines,PHL,2023-12-29,,66795.0,,
Philippines,PHL,2023-12-30,,66795.0,,
Philippines,PHL,2023-12-31,,66795.0,,
